{"stats":{"minecraft:custom":{"minecraft:jump":95,"minecraft:time_since_rest":3888,"minecraft:damage_dealt":10,"minecraft:crouch_one_cm":891,"minecraft:sprint_one_cm":9073,"minecraft:play_time":3888,"minecraft:damage_taken":80,"minecraft:time_since_death":3888,"minecraft:walk_one_cm":3994,"minecraft:sneak_time":217,"minecraft:total_world_time":3888,"minecraft:interact_with_crafting_table":1,"minecraft:fall_one_cm":4015,"minecraft:fly_one_cm":24936},"minecraft:used":{"minecraft:sand":1},"minecraft:mined":{"minecraft:hay_block":9,"minecraft:sand":1},"minecraft:picked_up":{"minecraft:hay_block":9,"minecraft:sand":1}},"DataVersion":3953}