{"stats":{"minecraft:dropped":{"minecraft:wheat_seeds":1},"minecraft:custom":{"minecraft:open_chest":1,"minecraft:time_since_rest":15888,"minecraft:crouch_one_cm":1612,"minecraft:play_time":15888,"minecraft:sprint_one_cm":20346,"minecraft:damage_taken":100,"minecraft:walk_one_cm":9265,"minecraft:sneak_time":410,"minecraft:drop":1,"minecraft:jump":268,"minecraft:damage_dealt":10,"minecraft:time_since_death":15888,"minecraft:walk_on_water_one_cm":398,"minecraft:total_world_time":15888,"minecraft:interact_with_crafting_table":1,"minecraft:fall_one_cm":12218,"minecraft:fly_one_cm":63145},"minecraft:used":{"minecraft:apple":1,"minecraft:sand":1},"minecraft:mined":{"minecraft:hay_block":33,"minecraft:short_grass":1,"minecraft:sand":1},"minecraft:picked_up":{"minecraft:wheat_seeds":1,"minecraft:hay_block":33,"minecraft:sand":1}},"DataVersion":3953}