{"stats":{"minecraft:dropped":{"minecraft:wheat_seeds":1,"minecraft:rotten_flesh":1},"minecraft:crafted":{"minecraft:bread":147,"minecraft:wheat":441},"minecraft:custom":{"minecraft:time_since_rest":8592,"minecraft:sprint_one_cm":48962,"minecraft:damage_taken":665,"minecraft:walk_one_cm":18671,"minecraft:mob_kills":2,"minecraft:drop":2,"minecraft:damage_dealt":194,"minecraft:interact_with_crafting_table":2,"minecraft:fly_one_cm":120804,"minecraft:open_chest":8,"minecraft:crouch_one_cm":3680,"minecraft:play_time":28461,"minecraft:deaths":1,"minecraft:sneak_time":1148,"minecraft:jump":530,"minecraft:leave_game":1,"minecraft:walk_on_water_one_cm":2532,"minecraft:time_since_death":7966,"minecraft:total_world_time":28461,"minecraft:fall_one_cm":21010},"minecraft:killed":{"minecraft:spider":1,"minecraft:iron_golem":1},"minecraft:used":{"minecraft:apple":1,"minecraft:chiseled_sandstone":1,"minecraft:bread":8,"minecraft:iron_pickaxe":47,"minecraft:sandstone":18,"minecraft:cut_sandstone":7,"minecraft:sand":3,"minecraft:iron_leggings":1},"minecraft:mined":{"minecraft:hay_block":49,"minecraft:cut_sandstone":7,"minecraft:stone_pressure_plate":1,"minecraft:blue_terracotta":1,"minecraft:chiseled_sandstone":1,"minecraft:tnt":9,"minecraft:short_grass":1,"minecraft:sand":3,"minecraft:sandstone":19},"minecraft:picked_up":{"minecraft:sandstone":18,"minecraft:cut_sandstone":7,"minecraft:sand":3,"minecraft:chiseled_sandstone":1,"minecraft:string":2,"minecraft:stone_pressure_plate":1,"minecraft:tnt":7,"minecraft:iron_leggings":1,"minecraft:blue_terracotta":1,"minecraft:rotten_flesh":1,"minecraft:wheat_seeds":1,"minecraft:hay_block":49,"minecraft:iron_ingot":4,"minecraft:bread":150,"minecraft:poppy":2,"minecraft:iron_pickaxe":1},"minecraft:killed_by":{"minecraft:husk":1}},"DataVersion":3953}